Trefethen_2000/Trefethen_2000.mtx
msc01440/msc01440.mtx
fv1/fv1.mtx
msc04515/msc04515.mtx
Muu/Muu.mtx
crystm02/crystm02.mtx
shallow_water2/shallow_water2.mtx
finan512/finan512.mtx
cbuckle/cbuckle.mtx
G2_circuit/G2_circuit.mtx
thermomech_dM/thermomech_dM.mtx
ecology2/ecology2.mtx
tmt_sym/tmt_sym.mtx
consph/consph.mtx
crankseg_1/crankseg_1.mtx
bmwcra_1/bmwcra_1.mtx
hood/hood.mtx
BenElechi1/BenElechi1.mtx
crankseg_2/crankseg_2.mtx
af_1_k101/af_1_k101.mtx